Comment,Designator,Footprint,LCSC Part#,Quantity
"Audio IC LQFP-48 ISD3900FYI","U1","LQFP-48_L7.0-W7.0-P0.50-LS9.0-BL","C2613393",1
"SPI Flash 16Mbit W25Q16JVSSIQ","U2","SOIC-8_L5.3-W5.3-P1.27-LS8.0-BL","C131024",1
"100nF 0603 25V MLCC","C1,C4,C6","C_0603_1608Metric","C14663",3
"10uF 0805 10V MLCC","C2,C5","C_0805_2012Metric","C15850",2
"1uF 0603 16V MLCC","C3","C_0603_1608Metric","C15849",1
"CR2032 Battery Holder","BT1","BAT-TH_CR2032-BS-6-1","C70377",1
"GL5528 LDR 10-20k","R1","RES-TH_L5.1-W4.3-P3.40-D0.5","C10081",1
"10k 0603 Resistor","R2,R3,R4","R_0603_1608Metric","C25804",3
"6x6mm Tactile Switch SPST","SW1","SW_SPST_TL3342","C318884",1
